Vehicle_Type, Year, Price, Mileage
Chevrolet Camaro ,1968,$4200.00, 99999
Chevrolet Camaro ZL1,2019,$56995.00, 5477
Chevrolet Camaro ,1968,$16900.00, 54000
Chevrolet Camaro ,2018,$49900.00, 3828
Chevrolet Camaro Z28,1970,$32900.00, 39545
Chevrolet Camaro SS,2013,$19400.00, 75441
Chevrolet Camaro Z28,1969,$105000.00, 2400
Chevrolet Camaro SS,2015,$29977.00, 1786
Chevrolet Camaro RS/SS,1967,$44900.00, 8074
Chevrolet Camaro Z28,1986,$9700.00, 68643
Chevrolet Camaro ZL1,2018,$51830.00, 8258
Chevrolet Camaro 2SS,2010,$19780.00, 18355
Chevrolet Camaro SS,1967,$49900.00, 2600
Chevrolet Camaro ,1971,$27500.00, 102320
Chevrolet Camaro SS Convertible,2018,$37950.00, 13142
Chevrolet Camaro RS,1967,$43999.00, 3000
Chevrolet Camaro Z28,1968,$28500.00, 888888
Chevrolet Camaro 2LT RS,2011,$9900.00, 87296
Chevrolet Camaro 1SS,2017,$28420.00, 26992
Chevrolet Camaro STANDARD,1970,$19900.00, 74000
Chevrolet Camaro Rally Sport,1969,$159000.00, 1800
Chevrolet Camaro SS396,1969,$39999.00, 64924
Chevrolet Camaro Rally Sport,1967,$37500.00, 150
Chevrolet Camaro ,1968,$39900.00, 64172
Chevrolet Camaro RS,1967,$54998.00, 16378
Chevrolet Camaro 1LT,2018,$23470.00, 21093
Chevrolet Camaro ,1967,$7000.00, 35000
Chevrolet Camaro 2SS,2020,$39460.00, 662
Chevrolet Camaro ,1968,$12900.00, 0
Chevrolet Camaro 2SS,2017,$31640.00, 22432
Chevrolet Camaro ,2012,$29499.99, 26332
Chevrolet Camaro 1LT,2018,$25700.00, 3710
Chevrolet Camaro ZL1,2017,$53999.00, 882
Chevrolet Camaro LT1 Coupe,2010,$14995.00, 37680
Camaro ,1968,$189000.00, 100
Chevrolet Camaro RS/SS,1969,$45750.00, 8437
Chevrolet Camaro Z28,1991,$7995.00, 73000
CHEVROLET Camaro Z28,1970,$69995.00, 53602
Chevrolet Camaro LT,2015,$18600.00, 41827
Chevrolet Camaro ,1969,$72000.00, 10
Chevrolet Camaro Z28,1986,$23875.00, 31562
Chevrolet Camaro SS/RS,1968,$37000.00, 0
Chevrolet Camaro RS,2018,$13900.00, 25425
Chevrolet Camaro SS/LS1,1968,$36900.00, 66
Chevrolet Camaro Z28,1984,$3000.00, 139000
Chevrolet Camaro ss,1969,$45550.00, 4600
Chevrolet Camaro ,1967,$22500.00, 99999
Chevrolet Camaro 1SS,2017,$24960.00, 45797
Chevrolet Camaro Z28,1980,$18900.00, 46103
Chevrolet Camaro SS,2015,$27280.00, 9386
Chevrolet Camaro 6.2L SS,2010,$19000.00, 42416
Chevrolet Camaro LS,2013,$14720.00, 48625
Chevrolet Camaro RS,1971,$34999.00, 1000
Chevrolet Camaro ZL1,2013,$33000.00, 34500
CHEVROLET Camaro ss,2002,$21995.00, 10852
Chevrolet Camaro 2LT,2016,$21310.00, 24906
Chevrolet Camaro 2LT,2016,$21610.00, 28918
Chevrolet Camaro SS,1967,$59900.00, 500
Chevrolet Camaro LT,1976,$14500.00, 32496
Chevrolet Camaro ,1969,$69998.00, 13988
Chevrolet Camaro SS,1969,$59900.00, 45077
Chevrolet Camaro Z28,1973,$58900.00, 39
CHEVROLET Camaro Z28,2015,$54995.00, 350
Chevrolet Camaro LT,2015,$13499.00, 61324
Chevrolet Camaro 1LS,2017,$20330.00, 26137
Chevrolet Camaro Zl1,2012,$25500.00, 51000
Chevrolet Camaro Z28,1979,$27995.00, 3886
Chevrolet Camaro ZL1,2012,$29999.00, 58500
Chevrolet Camaro LS,2013,$15750.00, 21938
Chevrolet Camaro IROC Z28,1990,$39900.00, 9074
Chevrolet Camaro 2LT,2017,$28330.00, 7883
Chevrolet Camaro Ss,2010,$32500.00, 18600
Chevrolet Camaro Z28 RS,1969,$79900.00, 287
Chevrolet Camaro SS,2015,$27280.00, 9386
Chevrolet Camaro SS,2017,$32935.00, 18956
Chevrolet Camaro Z28 CLONE,1971,$24999.99, 34871
Chevrolet Camaro COPO,2015,$99500.00, 0
Chevrolet Camaro ,1971,$54998.00, 16
Chevrolet Camaro RS,1967,$29995.00, 63155
Chevrolet Camaro 1LT,2017,$19580.00, 29156
Chevrolet Camaro ,1980,$1100.00, 999999
Chevrolet Camaro SS,2016,$19999.00, 9245
Chevrolet Camaro ,1979,$5750.00, 40000
Chevrolet Camaro 1LT,2019,$22060.00, 6446
Chevrolet Camaro SS,2010,$35900.00, 6003
Chevrolet Camaro RS,1991,$7000.00, 117757
Chevrolet Camaro RS,1997,$8995.00, 24199
Chevrolet Camaro Yenko Style,1969,$59900.00, 2805
Chevrolet Camaro ,1969,$38000.00, 70638
Chevrolet Camaro Z28,1980,$17995.00, 94776
Chevrolet Camaro ,1968,$36900.00, 0
Chevrolet Camaro ,1992,$1600.00, 60834
Chevrolet Camaro ,1968,$39995.00, 696
Chevrolet Camaro Z28,1978,$23999.00, 6399
Chevrolet Camaro ZL1,2017,$53500.00, 4394
Chevrolet Camaro 1LT,2017,$19380.00, 29732
Chevrolet Camaro SS,2002,$11800.00, 88000
Chevrolet Camaro SS,2010,$49900.00, 13833
Chevrolet Camaro Z/28,1969,$97900.00, 71160
Chevrolet Camaro RS,1991,$8950.00, 47527
Chevrolet Camaro RS,1968,$36900.00, 84980
Chevrolet Camaro Z28 Coupe,1995,$11950.00, 20616
Chevrolet Camaro ,1970,$36995.00, 30542
Chevrolet Camaro 1969 Chevrolet Camaro Z28 Survivor Numbers Matching,1969,$49800.00, 46210
Chevrolet Camaro SS,1969,$57900.00, 74936
Chevrolet Camaro 2SS,2019,$42000.00, 12200
Chevrolet Camaro ,1968,$32000.00, 0
Chevrolet Camaro ,1969,$49995.00, 2077
Chevrolet Camaro COPO,2015,$79800.00, 10
Chevrolet Camaro RS SS,1969,$62500.00, 1029
Chevrolet Camaro RS,1967,$69995.00, 3500
Chevrolet Camaro 1LT,2016,$19000.00, 19501
Chevrolet Camaro RS,1968,$55000.00, 75622
Chevrolet Camaro ,1979,$8000.00, 12345
Chevrolet Camaro Rally Sport,1967,$34995.00, 41284
Chevrolet Camaro ,1968,$65900.00, 1313
Chevrolet Camaro SS,1969,$50000.00, 18806
Chevrolet Camaro ,1970,$49500.00, 80000
Chevrolet Camaro ,1969,$69900.00, 85271
Chevrolet Camaro ,1977,$1500.00, 1234
Chevrolet Camaro ,1979,$27000.00, 215
Chevrolet Camaro RS / LT,1973,$32995.00, 78152
Chevrolet Camaro ,1979,$17977.00, 5322
Chevrolet Camaro RS,1973,$39000.00, 18
Chevrolet Camaro 2LT,2017,$24310.00, 15607
Chevrolet Camaro ,1970,$49990.00, 6613
Chevrolet Camaro IROC-Z,1987,$7800.00, 93000
Chevrolet Camaro 1LT,2016,$19935.00, 36833
Camaro Z/28,1970,$46900.00, 14
Chevrolet Camaro SS/RS Convertible,1969,$66000.00, 1200
Chevrolet Camaro ,1969,$179900.00, 917
Chevrolet Camaro ,1969,$72995.00, 18012
Chevrolet Camaro ZL1,2013,$39900.00, 22994
Chevrolet Camaro ,1969,$999999.99, 135
Chevrolet Camaro ,1969,$79900.00, 2600
Chevrolet Camaro ,1969,$84900.00, 3186
Chevrolet Camaro ,1968,$35000.00, 96
Chevrolet Camaro ,1979,$24995.00, 586
Chevrolet Camaro RS SS,1969,$59977.00, 1
Chevrolet Camaro 2LT,2012,$12495.00, 97100
Chevrolet Camaro Pro Touring,1969,$72500.00, 500
Chevrolet Camaro Z28,2002,$17500.00, 13290
Chevrolet Camaro RS/SS Big Block 396,1967,$47500.00, 57478
Chevrolet Camaro Supercharged,1967,$42000.00, 995
Chevrolet Camaro --,1980,$23900.00, 0
Chevrolet Camaro ,1967,$32900.00, 30
Chevrolet Camaro ,1970,$33995.00, 47168
Chevrolet Camaro ,1971,$18500.00, 111111
Chevrolet Camaro ,2002,$10500.00, 58000
Chevrolet Camaro RS/SS 427,1969,$59000.00, 500
Chevrolet Camaro --,1970,$47900.00, 51138
Chevrolet Camaro Convertable,1967,$46500.00, 9800
Chevrolet Camaro ,1969,$77000.00, 460
Chevrolet Camaro ,2018,$32000.00, 3680
Chevrolet Camaro LT,2015,$17400.00, 74456
Chevrolet Camaro Lt1,2012,$9000.00, 112800
Chevrolet Camaro ,1969,$39500.00, 2000
Chevrolet Camaro ,1969,$135000.00, 0
Chevrolet Camaro ,1969,$69500.00, 1500
Chevrolet Camaro SS Turbo,2014,$45000.00, 29800
Chevrolet Camaro ,1967,$45000.00, 0
Chevrolet Camaro SS SLP,2001,$13800.00, 39623
Chevrolet Camaro ,1970,$32995.00, 0
Chevrolet Camaro 2 Door Hardtop,1968,$38000.00, 22950
Camaro RS,1969,$68500.00, 0
Chevrolet Camaro 2SS,2016,$28991.00, 59170
Chevrolet Camaro ,1969,$999999.99, 53967
Chevrolet Camaro 2SS,2019,$41999.00, 2900
Chevrolet Camaro ,1973,$17500.00, 126000
Chevrolet Camaro LT,2015,$13499.00, 54945
Chevrolet Camaro Z28,1986,$28999.00, 2719
Chevrolet Camaro ,2017,$29950.00, 14006
Chevrolet Camaro IROC Z,1989,$17000.00, 7772
Chevrolet Camaro Z28,2002,$9000.00, 86812
Chevrolet Camaro ,1969,$57990.00, 7919
Chevrolet Camaro 2dr Coupe Z/28,2014,$69900.00, 107
Chevrolet Camaro SS,2017,$24999.00, 48266
Chevrolet Camaro Berger COPO,1969,$208000.00, 152
Chevrolet Camaro 1LT,2019,$20550.00, 15549
Chevrolet Camaro RS/SS LS Pro-Touring Restomod Convertible Restored,1969,$79995.00, 0
Chevrolet Camaro Stealthed,1967,$41000.00, 45000
Camaro RS/SS,1967,$49900.00, 47616
Chevrolet Camaro IROC Z,1990,$22997.00, 53940
Chevrolet Camaro Z28 Coupe,1994,$5999.00, 88075
Chevrolet Camaro Z-28 Rare-Collector,1979,$21900.00, 63275
Chevrolet Camaro Numbers Matching,1968,$35000.00, 1
Chevrolet Camaro SS LS Pro-Touring Restomod Convertible Restored,1969,$69995.00, 0
Chevrolet Camaro ,2011,$9995.00, 60161
Chevrolet Camaro ZL1,2013,$36450.00, 11000
Chevrolet Camaro Z28 MATCHING NUMBERS,1979,$13500.00, 17689
Chevrolet Camaro Super Sport,1968,$45000.00, 800
Chevrolet Camaro ,1972,$30000.00, 0
Chevrolet Camaro 1LT,2013,$15885.00, 35995
Chevrolet Camaro ZL1 1LE,2018,$55000.00, 1500
Chevrolet Camaro ,2012,$12500.00, 105000
Chevrolet Camaro Z28 Coupe,1995,$11950.00, 20616
Chevrolet Camaro ,2002,$9785.00, 37100
Chevrolet Camaro ,1968,$45000.00, 54500
Chevrolet Camaro ZL1,2015,$42950.00, 2102
Chevrolet Camaro ,1967,$79000.00, 500
Chevrolet Camaro ,1967,$79000.00, 500
Chevrolet Camaro Rally Sport RS,1971,$29995.00, 20085
Chevrolet Camaro ,2018,$54575.00, 2901
Chevrolet Camaro 2dr Coupe Z28,1967,$139900.00, 69000
Chevrolet Camaro ,1996,$12995.00, 52550
Chevrolet Camaro HUGGER Z/28   COPO YENKO,1980,$5995.00, 49988
Chevrolet Camaro 2SS,2010,$33900.00, 844
Chevrolet Camaro 2SS,2011,$40000.00, 39300
Chevrolet Camaro RS Option Pro-touring,1969,$55950.00, 980
Chevrolet Camaro 2dr Coupe ZL1,2013,$29700.00, 45357
Chevrolet Camaro 2dr Coupe ZL1,2017,$58900.00, 282
Chevrolet Camaro ,1971,$47900.00, 250
Chevrolet Camaro ZL1 1LE,2018,$57000.00, 4950
Chevrolet Camaro ,1998,$8000.00, 80000
Chevrolet Camaro ,1971,$57900.00, 89324
Camaro SS,1968,$36500.00, 0
Chevrolet Camaro ,1994,$3700.00, 105685
Chevrolet Camaro SS Split Bumper,1971,$38997.00, 5628
Chevrolet Camaro ,1980,$10900.00, 100000
Chevrolet Camaro 1le 2ss rs,2014,$27000.00, 4850
Chevrolet Camaro Z28 CONVERTIBLE,1992,$14495.00, 72000
Chevrolet Camaro 1LT,2017,$19952.00, 38292
Chevrolet Camaro Z28 2dr Hatchback,2002,$14995.00, 55470
Chevrolet Camaro Rally Sport,1971,$26999.00, 86000
Chevrolet Camaro ,2014,$14995.00, 64316
Chevrolet Camaro COPO,2014,$154900.00, 0
Chevrolet Camaro ,1980,$8800.00, 39320
Chevrolet Camaro LS,2015,$15650.00, 43274
Chevrolet Camaro 1LE Performnce Package,2017,$26991.00, 21055
Chevrolet Camaro Camaro SS Tribute,1969,$32950.00, 101457
Chevrolet Camaro ,1968,$155900.00, 2414
Chevrolet Camaro 2dr Coupe,2002,$6500.00, 81710
Chevrolet Camaro ZL1 1LE,2018,$56000.00, 9900
Chevrolet Camaro 2SS SUPER CLEAN!,2010,$15500.00, 72648
Chevrolet Camaro original deluxe,1969,$68000.00, 32402
Camaro ,1969,$39900.00, 1324
Chevrolet Camaro ,2011,$13188.00, 69722
Chevrolet Camaro Convertible,1969,$59900.00, 59092
Chevrolet Camaro - 396 4spd,1969,$34900.00, 32691
Chevrolet Camaro 2 DR Hard Top,1973,$14990.00, 78000
Chevrolet Camaro Real Deal Super Sport,1968,$64950.00, 70782
Chevrolet Camaro RS 2dr Hatchback,1992,$14995.00, 68833
Chevrolet Camaro ,2015,$19500.00, 20045
Chevrolet Camaro 1969 Camaro Big Block,1969,$29999.00, 1
Chevrolet Camaro ,1967,$55000.00, 300
Chevrolet Camaro SS w/2SS,2010,$19000.00, 63000
Chevrolet Camaro 2LT,2018,$22560.00, 35963
Chevrolet Camaro ,1968,$68999.00, 687
Chevrolet Camaro Convertible * RS  * 4 Speed * Matching Numbers,1968,$32500.00, 10000
Chevrolet Camaro Rs ss transformer edition.,2010,$40500.00, 1900
Chevrolet Camaro SS Transformers Edition,2012,$31499.00, 3371
Chevrolet Camaro LT Convertible 2D,2013,$14497.00, 51691
Chevrolet Camaro RS LT2,2015,$19550.00, 27394
Chevrolet Camaro RS Convertible,1997,$10500.00, 77000
Chevrolet Camaro ,1980,$19500.00, 31406
Chevrolet Camaro T Top,1982,$9999.00, 41147
Chevrolet Camaro Convertible-RS/Rally Sport with Pro-Line block.,1967,$28900.00, 15998
Chevrolet Camaro ,1969,$48999.00, 99507
Camaro Pro Touring RS/SS Equipment,1969,$59900.00, 883
Chevrolet Camaro ZL1,2013,$39500.00, 41000
Chevrolet Camaro SS Cammed With Upgrades,2014,$25991.00, 12887
Chevrolet Camaro RS/SS,1969,$73900.00, 55025
Chevrolet Camaro Restomod,1968,$154900.00, 4966
Chevrolet Camaro -Z28 - 383 STROKER - 4 SPEED -,1973,$29900.00, 0
Chevrolet Camaro 427 Yenko Recreation,1969,$62900.00, 3485
Chevrolet Camaro 25TH Anniversary Edition RS,1992,$16989.00, 58529
Chevrolet Camaro SS SLP,2002,$29900.00, 18049
Chevrolet Camaro ,2014,$22000.00, 42700
Chevrolet Camaro Pro Touring,1969,$189900.00, 4053
Chevrolet Camaro ,1967,$47900.00, 27775
Chevrolet Camaro Pro-Tour Power Tour,1967,$198500.00, 4598
Chevrolet Camaro 2SS CONVERTIBLE - 2019 CONVERSION - BEST DEAL ON EBAY,2016,$27999.00, 18453
Chevrolet Camaro SS 2SS With Many Upgrades!,2016,$31991.00, 25870
Chevrolet Camaro SS 2dr Coupe w/2SS,2017,$30900.00, 25864
Chevrolet Camaro ZL1,2012,$49000.00, 0
Chevrolet Camaro 1967 Chevrolet Camaro SS 350 4-Speed L48 Convertible 67,1967,$48500.00, 73727
Chevrolet Camaro 2dr Convertible Z28,2002,$10988.00, 44444
Chevrolet Camaro Pro Touring,1969,$117900.00, 523
Chevrolet Camaro IROC Z28 Convertible,1989,$32900.00, 23737
Chevrolet Camaro 2LT with Many Upgrades,2011,$12991.00, 105695
Chevrolet Camaro ZL1 Redline Motorsports Phase 5R,2018,$59900.00, 3676
Chevrolet Camaro Z-28,1979,$25000.00, 4000
Chevrolet Camaro - Z/28 - RARE CITRUS GREEN - NUMBERS MATCHING - SE,1970,$42900.00, 86561
Chevrolet Camaro V8 350 4 Speed Manual  Posi rear,1968,$27700.00, 70837
Chevrolet Camaro ,1973,$26999.00, 32066
Chevrolet Camaro Convertible Restomod,1969,$69900.00, 4636
Chevrolet Camaro SS Restomod,1968,$71995.00, 12152
Chevrolet Camaro 427 - 18k Original Miles,1968,$39900.00, 18082
Chevrolet Camaro 2SS Coupe 1LE Performance Package,2015,$29981.00, 1181
Chevrolet Camaro SS Convertible,2002,$34900.00, 2668
Chevrolet Camaro RS Convertible,1991,$24900.00, 18375
Chevrolet Camaro - Z/28 - 25TH ANNIVERSARY - SHOW QUALITY PAINT - L,1992,$15500.00, 84696
Chevrolet Camaro CONVERTABLE 2DR RS LT HEADS UP DISPLAY,2013,$13995.00, 93626
Chevrolet Camaro Give us a call 7704454781,1981,$15000.00, 10
Chevrolet Camaro Z28 Air Conditioning and Audio!,2014,$40800.00, 21627
Chevrolet Camaro Z28 SPRITE PROMO CAR WITH 21,1979,$24500.00, 21315
Chevrolet Camaro 1968 Camaro SS Restomod Muscle Car,1968,$42350.00, 16008
Chevrolet Camaro Z28 / 7.4L 427 / 4-SPD / A/C,1973,$34950.00, 5000
Chevrolet Camaro Z28 FREE ENCLOSED SHIPPING In The Continental US,1981,$22995.00, 89000
Chevrolet Camaro LT,2016,$10900.00, 81194
Chevrolet Camaro LT,2016,$10900.00, 81194
Chevrolet Camaro 1LT,2019,$20340.00, 20567
Chevrolet Camaro Z28,1997,$13995.00, 32600
Chevrolet Camaro Z28 FREE ENCLOSED SHIPPING In The Continental US,1981,$22995.00, 42840
Chevrolet Camaro ,2019,$25981.00, 16797
Chevrolet Camaro RS SS 396 450HP A/T A/C Resto-mod,1968,$59999.00, 2965
Chevrolet Camaro Restomod Fully Built! 6spd SEE VIDEO!,1967,$59900.00, 900
Chevrolet Camaro 45th Anniversary Edition Convertible * VIN 00001,2012,$250000.00, 14853
Chevrolet Camaro ,1967,$110000.00, 4000
Chevrolet Camaro -X11 CODE- REAL SS CAR-427-PRO TOURING-FUEL INJECT,1969,$52750.00, 103
Chevrolet Camaro RS/SS,1967,$65000.00, 0
Chevrolet Camaro -Z28 -T TOPS - 383 STROKER - PRO BUILT TRANS - LOW,1997,$13950.00, 40434
Chevrolet Camaro SS 30th Anniversary SLP,1997,$27900.00, 15577
Chevrolet Camaro ,2011,$25000.00, 20500
Chevrolet Camaro Copo,2015,$104900.00, 0
Chevrolet Camaro - LS1 V8 - 4L60 TRANS - RESTO MOD - SEE VIDEO,1973,$32950.00, 325
Chevrolet Camaro 2SS ONLY 61K MLS CLEAN CARFAX AUTO TRANS LEATHER!!,2011,$16422.00, 61267
Chevrolet Camaro -2SS-1 OWNER CAR-LOW MILES-PADDLE SHIFT-MSRP $46,2016,$34900.00, 7511
Chevrolet Camaro 1LS,2017,$17991.00, 17052
Chevrolet Camaro SS Resto Mod,1969,$59995.00, 2021
Chevrolet Camaro ZL1,2019,$61641.00, 320
Chevrolet COPO Camaro 2018 1 of Only 69 Produced,2018,$129000.00, 0
Chevrolet Camaro -PRO TOURING-CONVERTIBLE-454 BIG BLOCK-SEE VIDEO,1968,$49900.00, 16680
Chevrolet Camaro SS SYNERGY SERIES2,2011,$23750.00, 22975
Chevrolet Camaro 2LT,2017,$30900.00, 2345
Chevrolet Camaro 1969 Camaro Pro Touring Restomod,1969,$69900.00, 0
Chevrolet Camaro ,1999,$25699.00, 34493
Chevrolet Camaro ,1999,$23129.00, 34493
Chevrolet Camaro LT,2013,$15840.00, 47830
Chevrolet Camaro RS/SS 396 ,1968,$54900.00, 51719
Chevrolet Camaro 2SS --,2011,$38900.00, 2500
Chevrolet Camaro SS 2SS,2019,$33991.00, 22597
Chevrolet Camaro SS,1969,$68900.00, 781
Chevrolet Camaro 2SS Convertible Neiman Marcus Limited Edition,2011,$45995.00, 916
Chevrolet Camaro ,1967,$39900.00, 51485
Chevrolet Camaro 1LT,2018,$6450.00, 1
Chevrolet Camaro 1LT,2017,$18370.00, 44675
Chevrolet Camaro SUPERCHARGED 2SS 6MT,2010,$25900.00, 25694
Chevrolet Camaro Convertible,1969,$36000.00, 5082
Chevrolet Camaro 1SS Coupe,2019,$31997.00, 8601
Chevrolet Camaro 1LT,2018,$20470.00, 49774
Chevrolet Camaro Z/28,1986,$13999.00, 71729
Chevrolet Camaro ,1969,$139900.00, 1460
Chevrolet Camaro IROC-Z,1987,$16999.00, 67772
Chevrolet Camaro ,1979,$27999.00, 2
Chevrolet Camaro IROC-Z,1990,$24999.00, 59036
Chevrolet Corvette Stingray Z51 Convertible 3LT,2015,$36450.00, 23173
Chevrolet Corvette ,2017,$48500.00, 22000
Chevrolet Camaro Z28 Convertible 6-Speed,1995,$8900.00, 67000
Chevrolet Camaro 2SS 1LE - Supercharged 1000HP,2014,$50900.00, 27300
Chevrolet Camaro ZL1 Coupe 6-SPEED MANUAL+ PERFORMANCE DATA VIDEO R,2017,$49800.00, 7929
Chevrolet Camaro SS,2019,$31935.00, 35965
Chevrolet Camaro ,1998,$85000.00, 1000
Chevrolet Camaro LS ProTouring ,1970,$119999.00, 9470
Nissan 370Z ,2013,$14500.00, 55830
Dodge Challenger SRT HELLCAT WIDEBODY - CRAZY UPGRADES - BEST DEAL ON EBAY,2018,$64999.00, 1178
Dodge Challenger * ONLY 18k miles! LOADED! Call (954)551-3509!,2016,$17500.00, 18500
Chevrolet Camaro ss,1999,$13500.00, 39200
Chevrolet Camaro RS,1967,$35000.00, 0
Chevrolet Camaro Convertible,1967,$37000.00, 0
Chevrolet Camaro Rally Sport / Restored!,1970,$32500.00, 0
